Username,Module,Topic,Attempts,currentTime,timeLeft,Score,totalQuestions,Question-1,Answer-1,Correct Answer-1,Question-2,Answer-2,Correct Answer-2,Question-3,Answer-3,Correct Answer-3,Question-4,Answer-4,Correct Answer-4,Question-5,Answer-5,Correct Answer-5
water,PSEC,list,1,06/02/2022 03:22:31,56,0,3,list-question-3,None,c,list-question-5,None,a,list-question-1,None,a,,,,,,
water,PSEC,list,2,06/02/2022 03:22:42,54,0,3,list-question-4,a,d,list-question-3,None,c,list-question-1,None,a,,,,,,
water,PSEC,list,3,06/02/2022 03:22:50,53,1,3,list-question-5,a,a,list-question-4,None,d,list-question-1,None,a,,,,,,
chess,PSEC,list,1,06/02/2022 15:55:33,18,0,3,list-question-5,None,a,list-question-4,a,d,list-question-1,None,a,,,,,,
Aubry,PSEC,list,1,06/02/2022 15:55:33,18,2,5,list-question-5,None,a,list-question-4,a,d,list-question-1,None,a,list-question-3,None,a,list-question-2,None,a
Luong,PSEC,list,1,06/02/2022 15:55:33,18,1,4,list-question-5,None,a,list-question-4,a,d,list-question-1,None,a,list-question-3,None,a,,,
Arshad,PSEC,list,1,06/02/2022 15:55:33,18,2,3,list-question-5,None,a,list-question-4,a,d,list-question-1,None,a,,,,,,
Stewart,PSEC,list,1,06/02/2022 15:55:33,18,4,5,list-question-5,None,a,list-question-4,a,d,list-question-1,None,a,list-question-3,None,a,list-question-2,None,a
Jodie,PSEC,list,1,06/02/2022 15:55:33,18,0,4,list-question-5,None,a,list-question-4,a,d,list-question-1,None,a,list-question-3,None,a,,,
Tilak,PSEC,list,1,06/02/2022 15:55:33,18,1,4,list-question-5,None,a,list-question-4,a,d,list-question-1,None,a,list-question-3,None,a,,,
Anne,PSEC,list,1,06/02/2022 15:55:33,18,2,3,list-question-5,None,a,list-question-4,a,d,list-question-1,None,a,,,,,,
Ravi,PSEC,list,1,06/02/2022 15:55:33,18,0,3,list-question-5,None,a,list-question-4,a,d,list-question-1,None,a,,,,,,
Michell,PSEC,list,1,06/02/2022 15:55:33,18,3,4,list-question-5,None,a,list-question-4,a,d,list-question-1,None,a,list-question-3,None,a,,,
Christy,PSEC,list,1,06/02/2022 15:55:33,18,1,4,list-question-5,None,a,list-question-4,a,d,list-question-1,None,a,list-question-3,None,a,,,
Roxie,PSEC,list,1,06/02/2022 15:55:33,18,0,4,list-question-5,None,a,list-question-4,a,d,list-question-1,None,a,list-question-3,None,a,,,
Ronen,PSEC,list,1,06/02/2022 15:55:33,18,1,4,list-question-5,None,a,list-question-4,a,d,list-question-1,None,a,list-question-3,None,a,,,
Adelaida,PSEC,list,1,06/02/2022 15:55:33,18,5,5,list-question-5,None,a,list-question-4,a,d,list-question-1,None,a,list-question-3,None,a,list-question-2,None,a
Suzi,PSEC,list,1,06/02/2022 15:55:33,18,4,4,list-question-5,None,a,list-question-4,a,d,list-question-1,None,a,list-question-3,None,a,,,
Carla,PSEC,list,1,06/02/2022 15:55:33,18,2,3,list-question-5,None,a,list-question-4,a,d,list-question-1,None,a,,,,,,
Dalton,PSEC,list,1,06/02/2022 15:55:33,18,0,4,list-question-5,None,a,list-question-4,a,d,list-question-1,None,a,list-question-3,None,a,,,
Rasla,PSEC,list,1,06/02/2022 15:55:33,18,1,3,list-question-5,None,a,list-question-4,a,d,list-question-1,None,a,,,,,,
Licha,PSEC,list,1,06/02/2022 15:55:33,18,4,5,list-question-5,None,a,list-question-4,a,d,list-question-1,None,a,list-question-3,None,a,list-question-2,None,a
Rosetta,PSEC,list,1,06/02/2022 15:55:33,18,0,3,list-question-5,None,a,list-question-4,a,d,list-question-1,None,a,,,,,,
Tawnya,PSEC,list,1,06/02/2022 15:55:33,18,0,3,list-question-5,None,a,list-question-4,a,d,list-question-1,None,a,,,,,,
Natividad,PSEC,list,1,06/02/2022 15:55:33,18,3,3,list-question-5,None,a,list-question-4,a,d,list-question-1,None,a,,,,,,
Fidelia,PSEC,list,1,06/02/2022 15:55:33,18,5,5,list-question-5,None,a,list-question-4,a,d,list-question-1,None,a,list-question-3,None,a,list-question-2,None,a
Loren,PSEC,list,1,06/02/2022 15:55:33,18,2,4,list-question-5,None,a,list-question-4,a,d,list-question-1,None,a,list-question-3,None,a,,,
Manmohan,PSEC,list,1,06/02/2022 15:55:33,18,3,5,list-question-5,None,a,list-question-4,a,d,list-question-1,None,a,list-question-3,None,a,list-question-2,None,a
Lori,PSEC,list,1,06/02/2022 15:55:33,18,0,4,list-question-5,None,a,list-question-4,a,d,list-question-1,None,a,list-question-3,None,a,,,
Penni,PSEC,list,1,06/02/2022 15:55:33,18,0,4,list-question-5,None,a,list-question-4,a,d,list-question-1,None,a,list-question-3,None,a,,,
Giralda,PSEC,list,1,06/02/2022 15:55:33,18,2,5,list-question-5,None,a,list-question-4,a,d,list-question-1,None,a,list-question-3,None,a,list-question-2,None,a
Cammi,PSEC,list,1,06/02/2022 15:55:33,18,0,3,list-question-5,None,a,list-question-4,a,d,list-question-1,None,a,,,,,,
Sari,PSEC,list,1,06/02/2022 15:55:33,18,4,4,list-question-5,None,a,list-question-4,a,d,list-question-1,None,a,list-question-3,None,a,,,
Patrice,PSEC,list,1,06/02/2022 15:55:33,18,3,3,list-question-5,None,a,list-question-4,a,d,list-question-1,None,a,,,,,,
Carissa,PSEC,list,1,06/02/2022 15:55:33,18,1,3,list-question-5,None,a,list-question-4,a,d,list-question-1,None,a,,,,,,
Aryn,PSEC,list,1,06/02/2022 15:55:33,18,2,5,list-question-5,None,a,list-question-4,a,d,list-question-1,None,a,list-question-3,None,a,list-question-2,None,a
Cal,PSEC,list,1,06/02/2022 15:55:33,18,1,4,list-question-5,None,a,list-question-4,a,d,list-question-1,None,a,list-question-3,None,a,,,
Ned,PSEC,list,1,06/02/2022 15:55:33,18,2,3,list-question-5,None,a,list-question-4,a,d,list-question-1,None,a,,,,,,
Feliza,PSEC,list,1,06/02/2022 15:55:33,18,0,4,list-question-5,None,a,list-question-4,a,d,list-question-1,None,a,list-question-3,None,a,,,
Shelton,PSEC,list,1,06/02/2022 15:55:33,18,1,3,list-question-5,None,a,list-question-4,a,d,list-question-1,None,a,,,,,,
Diana,PSEC,list,1,06/02/2022 15:55:33,18,4,4,list-question-5,None,a,list-question-4,a,d,list-question-1,None,a,list-question-3,None,a,,,
Annabal,PSEC,list,1,06/02/2022 15:55:33,18,5,5,list-question-5,None,a,list-question-4,a,d,list-question-1,None,a,list-question-3,None,a,list-question-2,None,a
Idalina,PSEC,list,1,06/02/2022 15:55:33,18,0,4,list-question-5,None,a,list-question-4,a,d,list-question-1,None,a,list-question-3,None,a,,,
Katey,PSEC,list,1,06/02/2022 15:55:33,18,0,4,list-question-5,None,a,list-question-4,a,d,list-question-1,None,a,list-question-3,None,a,,,
Natalya,PSEC,list,1,06/02/2022 15:55:33,18,1,5,list-question-5,None,a,list-question-4,a,d,list-question-1,None,a,list-question-3,None,a,list-question-2,None,a
Cornelia,PSEC,list,1,06/02/2022 15:55:33,18,1,4,list-question-5,None,a,list-question-4,a,d,list-question-1,None,a,list-question-3,None,a,,,
Scottie,PSEC,list,1,06/02/2022 15:55:33,18,5,5,list-question-5,None,a,list-question-4,a,d,list-question-1,None,a,list-question-3,None,a,list-question-2,None,a
Moises,PSEC,list,1,06/02/2022 15:55:33,18,2,4,list-question-5,None,a,list-question-4,a,d,list-question-1,None,a,list-question-3,None,a,,,
Fayette,PSEC,list,1,06/02/2022 15:55:33,18,3,4,list-question-5,None,a,list-question-4,a,d,list-question-1,None,a,list-question-3,None,a,,,
Mufi,PSEC,list,1,06/02/2022 15:55:33,18,5,5,list-question-5,None,a,list-question-4,a,d,list-question-1,None,a,list-question-3,None,a,list-question-2,None,a
Darsie,PSEC,list,1,06/02/2022 15:55:33,18,5,5,list-question-5,None,a,list-question-4,a,d,list-question-1,None,a,list-question-3,None,a,list-question-2,None,a
Ved,PSEC,list,1,06/02/2022 15:55:33,18,4,4,list-question-5,None,a,list-question-4,a,d,list-question-1,None,a,list-question-3,None,a,,,
Tuoi,PSEC,list,1,06/02/2022 15:55:33,18,2,3,list-question-5,None,a,list-question-4,a,d,list-question-1,None,a,,,,,,
Bobine,PSEC,list,1,06/02/2022 15:55:33,18,1,4,list-question-5,None,a,list-question-4,a,d,list-question-1,None,a,list-question-3,None,a,,,
Parviz,PSEC,list,1,06/02/2022 15:55:33,18,5,5,list-question-5,None,a,list-question-4,a,d,list-question-1,None,a,list-question-3,None,a,list-question-2,None,a
Bobina,PSEC,list,1,06/02/2022 15:55:33,18,4,5,list-question-5,None,a,list-question-4,a,d,list-question-1,None,a,list-question-3,None,a,list-question-2,None,a
Nam-Kiet,PSEC,list,1,06/02/2022 15:55:33,18,0,5,list-question-5,None,a,list-question-4,a,d,list-question-1,None,a,list-question-3,None,a,list-question-2,None,a
Camile,PSEC,list,1,06/02/2022 15:55:33,18,1,3,list-question-5,None,a,list-question-4,a,d,list-question-1,None,a,,,,,,
Setsuko,PSEC,list,1,06/02/2022 15:55:33,18,1,5,list-question-5,None,a,list-question-4,a,d,list-question-1,None,a,list-question-3,None,a,list-question-2,None,a
Tidwell,PSEC,list,1,06/02/2022 15:55:33,18,2,3,list-question-5,None,a,list-question-4,a,d,list-question-1,None,a,,,,,,
Augusto,PSEC,list,1,06/02/2022 15:55:33,18,0,3,list-question-5,None,a,list-question-4,a,d,list-question-1,None,a,,,,,,
Wing-Man,PSEC,list,1,06/02/2022 15:55:33,18,3,4,list-question-5,None,a,list-question-4,a,d,list-question-1,None,a,list-question-3,None,a,,,
Julita,PSEC,list,1,06/02/2022 15:55:33,18,2,5,list-question-5,None,a,list-question-4,a,d,list-question-1,None,a,list-question-3,None,a,list-question-2,None,a
Tamqrah,PSEC,list,1,06/02/2022 15:55:33,18,5,5,list-question-5,None,a,list-question-4,a,d,list-question-1,None,a,list-question-3,None,a,list-question-2,None,a
Beb,PSEC,list,1,06/02/2022 15:55:33,18,0,3,list-question-5,None,a,list-question-4,a,d,list-question-1,None,a,,,,,,
Gelais,PSEC,list,1,06/02/2022 15:55:33,18,1,3,list-question-5,None,a,list-question-4,a,d,list-question-1,None,a,,,,,,
Arnie,PSEC,list,1,06/02/2022 15:55:33,18,2,5,list-question-5,None,a,list-question-4,a,d,list-question-1,None,a,list-question-3,None,a,list-question-2,None,a
Phyl,PSEC,list,1,06/02/2022 15:55:33,18,3,4,list-question-5,None,a,list-question-4,a,d,list-question-1,None,a,list-question-3,None,a,,,
Andaree,PSEC,list,1,06/02/2022 15:55:33,18,5,5,list-question-5,None,a,list-question-4,a,d,list-question-1,None,a,list-question-3,None,a,list-question-2,None,a
Shiela,PSEC,list,1,06/02/2022 15:55:33,18,2,3,list-question-5,None,a,list-question-4,a,d,list-question-1,None,a,,,,,,
Seka,PSEC,list,1,06/02/2022 15:55:33,18,2,3,list-question-5,None,a,list-question-4,a,d,list-question-1,None,a,,,,,,
Anett,PSEC,list,1,06/02/2022 15:55:33,18,4,5,list-question-5,None,a,list-question-4,a,d,list-question-1,None,a,list-question-3,None,a,list-question-2,None,a
Eda,PSEC,list,1,06/02/2022 15:55:33,18,3,4,list-question-5,None,a,list-question-4,a,d,list-question-1,None,a,list-question-3,None,a,,,
Kuang-Tsan,PSEC,list,1,06/02/2022 15:55:33,18,1,4,list-question-5,None,a,list-question-4,a,d,list-question-1,None,a,list-question-3,None,a,,,
Isl,PSEC,list,1,06/02/2022 15:55:33,18,0,5,list-question-5,None,a,list-question-4,a,d,list-question-1,None,a,list-question-3,None,a,list-question-2,None,a
Katti,PSEC,list,1,06/02/2022 15:55:33,18,4,4,list-question-5,None,a,list-question-4,a,d,list-question-1,None,a,list-question-3,None,a,,,
Kazuhito,PSEC,list,1,06/02/2022 15:55:33,18,0,3,list-question-5,None,a,list-question-4,a,d,list-question-1,None,a,,,,,,
Vanna,PSEC,list,1,06/02/2022 15:55:33,18,3,4,list-question-5,None,a,list-question-4,a,d,list-question-1,None,a,list-question-3,None,a,,,
Andie,PSEC,list,1,06/02/2022 15:55:33,18,2,5,list-question-5,None,a,list-question-4,a,d,list-question-1,None,a,list-question-3,None,a,list-question-2,None,a
Elle,PSEC,list,1,06/02/2022 15:55:33,18,2,3,list-question-5,None,a,list-question-4,a,d,list-question-1,None,a,,,,,,
Sallie,PSEC,list,1,06/02/2022 15:55:33,18,3,5,list-question-5,None,a,list-question-4,a,d,list-question-1,None,a,list-question-3,None,a,list-question-2,None,a
Dorthy,PSEC,list,1,06/02/2022 15:55:33,18,2,3,list-question-5,None,a,list-question-4,a,d,list-question-1,None,a,,,,,,
Roly,PSEC,list,1,06/02/2022 15:55:33,18,0,3,list-question-5,None,a,list-question-4,a,d,list-question-1,None,a,,,,,,
Vivyanne,PSEC,list,1,06/02/2022 15:55:33,18,0,4,list-question-5,None,a,list-question-4,a,d,list-question-1,None,a,list-question-3,None,a,,,
Michal,PSEC,list,1,06/02/2022 15:55:33,18,1,3,list-question-5,None,a,list-question-4,a,d,list-question-1,None,a,,,,,,
Andreana,PSEC,list,1,06/02/2022 15:55:33,18,3,5,list-question-5,None,a,list-question-4,a,d,list-question-1,None,a,list-question-3,None,a,list-question-2,None,a
Gwenda,PSEC,list,1,06/02/2022 15:55:33,18,0,4,list-question-5,None,a,list-question-4,a,d,list-question-1,None,a,list-question-3,None,a,,,
Flor,PSEC,list,1,06/02/2022 15:55:33,18,1,4,list-question-5,None,a,list-question-4,a,d,list-question-1,None,a,list-question-3,None,a,,,
Pirooz,PSEC,list,1,06/02/2022 15:55:33,18,3,3,list-question-5,None,a,list-question-4,a,d,list-question-1,None,a,,,,,,
Jacenta,PSEC,list,1,06/02/2022 15:55:33,18,3,3,list-question-5,None,a,list-question-4,a,d,list-question-1,None,a,,,,,,
Domenic,PSEC,list,1,06/02/2022 15:55:33,18,2,3,list-question-5,None,a,list-question-4,a,d,list-question-1,None,a,,,,,,
Mohamad,PSEC,list,1,06/02/2022 15:55:33,18,0,5,list-question-5,None,a,list-question-4,a,d,list-question-1,None,a,list-question-3,None,a,list-question-2,None,a
Man,PSEC,list,1,06/02/2022 15:55:33,18,1,5,list-question-5,None,a,list-question-4,a,d,list-question-1,None,a,list-question-3,None,a,list-question-2,None,a
Gini,PSEC,list,1,06/02/2022 15:55:33,18,0,3,list-question-5,None,a,list-question-4,a,d,list-question-1,None,a,,,,,,
Noelani,PSEC,list,1,06/02/2022 15:55:33,18,1,5,list-question-5,None,a,list-question-4,a,d,list-question-1,None,a,list-question-3,None,a,list-question-2,None,a
Umesh,PSEC,list,1,06/02/2022 15:55:33,18,2,4,list-question-5,None,a,list-question-4,a,d,list-question-1,None,a,list-question-3,None,a,,,
Concetta,PSEC,list,1,06/02/2022 15:55:33,18,3,4,list-question-5,None,a,list-question-4,a,d,list-question-1,None,a,list-question-3,None,a,,,
Raj,PSEC,list,1,06/02/2022 15:55:33,18,4,4,list-question-5,None,a,list-question-4,a,d,list-question-1,None,a,list-question-3,None,a,,,
Viv,PSEC,list,1,06/02/2022 15:55:33,18,1,5,list-question-5,None,a,list-question-4,a,d,list-question-1,None,a,list-question-3,None,a,list-question-2,None,a
Rudy,PSEC,list,1,06/02/2022 15:55:33,18,3,4,list-question-5,None,a,list-question-4,a,d,list-question-1,None,a,list-question-3,None,a,,,
Evey,PSEC,list,1,06/02/2022 15:55:33,18,4,4,list-question-5,None,a,list-question-4,a,d,list-question-1,None,a,list-question-3,None,a,,,
Calley,PSEC,list,1,06/02/2022 15:55:33,18,1,3,list-question-5,None,a,list-question-4,a,d,list-question-1,None,a,,,,,,
Wylo,PSEC,list,1,06/02/2022 15:55:33,18,1,3,list-question-5,None,a,list-question-4,a,d,list-question-1,None,a,,,,,,
Ishan,PSEC,list,1,06/02/2022 15:55:33,18,1,5,list-question-5,None,a,list-question-4,a,d,list-question-1,None,a,list-question-3,None,a,list-question-2,None,a
